183.245.250.102;8123;Anonymous;true;China;8123;80;Oct 14 22:31:42
175.9.33.137;80;Anonymous;true;China;8030;80;Oct 14 22:30:58
183.222.153.24;8123;Anonymous;true;China;3571;42;Oct 14 22:30:48
183.221.160.133;8123;Anonymous;false;China;3169;23;Oct 14 22:30:45
183.220.199.100;8123;Anonymous;true;China;6289;41;Oct 14 22:30:41
183.220.195.180;8123;Anonymous;false;China;1986;55;Oct 14 22:30:35
183.140.161.128;80;Anonymous;false;China;1643;60;Oct 14 22:29:14
124.64.97.141;8585;Anonymous;true;China;1144;80;Oct 14 22:26:41
124.165.235.250;8080;Anonymous;false;China;1232;60;Oct 14 22:26:09
123.30.186.72;3128;Anonymous;true;Viet Nam;1269;80;Oct 14 22:26:08
133.18.6.22;80;Anonymous;true;Japan;14039;93;Oct 14 22:25:29
117.175.99.198;8123;Anonymous;true;China;1448;21;Oct 14 22:23:08
117.174.207.203;8123;Anonymous;true;China;5756;45;Oct 14 22:22:06
122.225.107.163;80;Anonymous;true;China;2370;67;Oct 14 22:21:56
119.6.78.39;9999;Anonymous;true;China;20329;70;Oct 14 22:21:51
117.173.57.220;8123;Anonymous;true;China;1556;37;Oct 14 22:21:15
117.173.255.225;8123;Anonymous;true;China;1668;40;Oct 14 22:21:13
117.173.242.195;8123;Anonymous;true;China;1764;34;Oct 14 22:20:57
117.173.121.179;8123;Anonymous;true;China;1628;30;Oct 14 22:20:55
117.173.116.64;8123;Anonymous;true;China;30313;52;Oct 14 22:20:53
117.173.115.237;8123;Anonymous;true;China;24185;85;Oct 14 22:20:23
110.246.37.251;8585;Anonymous;false;China;17841;20;Oct 14 22:20:09
117.173.106.189;8123;Anonymous;true;China;1477;77;Oct 14 22:19:59
117.171.52.44;8123;Anonymous;true;China;2769;64;Oct 14 22:19:57
117.171.185.251;8123;Anonymous;true;China;1637;80;Oct 14 22:19:54
117.171.18.151;8123;Anonymous;true;China;7314;76;Oct 14 22:19:53
117.170.217.130;8123;Anonymous;true;China;3198;60;Oct 14 22:19:45
120.203.236.243;8123;Anonymous;true;China;1518;21;Oct 14 22:19:05
120.202.249.233;80;Anonymous;true;China;1883;98;Oct 14 22:18:59
117.164.140.3;8123;Anonymous;true;China;2290;60;Oct 14 22:18:58
120.202.138.48;8123;Anonymous;true;China;10456;37;Oct 14 22:18:57
117.164.140.237;8123;Anonymous;true;China;9688;80;Oct 14 22:18:55
120.199.245.97;8123;Anonymous;true;China;4351;80;Oct 14 22:18:47
117.148.58.51;8123;Anonymous;true;China;11052;80;Oct 14 22:18:46
117.139.45.86;8123;Anonymous;false;China;4765;54;Oct 14 22:18:35
111.205.122.222;80;Anonymous;true;China;1012;98;Oct 14 22:18:24
120.193.146.97;80;Anonymous;false;China;1587;95;Oct 14 22:18:21
120.193.146.96;80;Anonymous;false;China;1541;83;Oct 14 22:18:19
114.255.183.174;8080;Anonymous;false;China;2307;66;Oct 14 22:17:49
114.248.31.114;8118;Anonymous;false;China;1297;80;Oct 14 22:17:46
112.124.28.80;3128;Anonymous;true;China;10515;91;Oct 14 22:13:50
115.29.11.46;3128;Anonymous;false;China;3906;80;Oct 14 22:13:40
101.4.60.50;80;Anonymous;false;China;812;97;Oct 14 22:11:44
101.4.60.46;80;Anonymous;false;China;805;88;Oct 14 22:11:43
101.4.60.43;80;Anonymous;false;China;1791;96;Oct 14 22:11:42
62.210.56.250;7808;Anonymous;true;France;308;98;Oct 14 22:09:51
42.62.61.245;80;Anonymous;false;China;14772;99;Oct 14 22:08:53
60.206.153.177;8118;Anonymous;false;China;2162;90;Oct 14 22:07:52
60.195.222.71;8118;Anonymous;false;China;14236;60;Oct 14 22:07:50
89.46.101.122;7808;Anonymous;true;Romania;793;98;Oct 14 22:06:35
66.85.131.18;7808;Anonymous;true;United States;401;99;Oct 14 22:06:07
58.242.249.56;18186;Anonymous;false;China;1032;96;Oct 14 22:05:49
58.242.249.52;18186;Anonymous;false;China;1169;95;Oct 14 22:05:48
223.87.139.126;8123;Anonymous;true;China;1961;72;Oct 14 22:05:43
223.86.219.117;8123;Anonymous;true;China;2010;76;Oct 14 22:05:26
223.86.127.217;8123;Anonymous;true;China;1491;56;Oct 14 22:05:24
223.84.169.109;8123;Anonymous;true;China;8168;60;Oct 14 22:04:31
218.92.227.171;18186;Anonymous;false;China;549;95;Oct 14 22:03:23
218.207.208.55;8080;Anonymous;true;China;10349;93;Oct 14 22:01:15
218.203.13.188;80;Anonymous;false;China;1302;81;Oct 14 21:59:59
218.203.13.184;80;Anonymous;false;China;1656;88;Oct 14 21:59:58
218.203.13.182;80;Anonymous;false;China;801;91;Oct 14 21:59:55
218.203.13.180;80;Anonymous;false;China;847;84;Oct 14 21:59:54
23.95.42.138;8089;Anonymous;false;United States;1733;80;Oct 14 21:59:13
218.203.13.175;80;Anonymous;false;China;838;87;Oct 14 21:59:08
223.87.53.139;8123;Anonymous;true;China;31285;71;Oct 14 21:58:55
218.203.13.170;82;Anonymous;false;China;769;90;Oct 14 21:58:21
193.255.95.204;8080;Anonymous;false;Turkey;705;56;Oct 14 21:55:47
218.92.227.173;18186;Anonymous;false;China;579;97;Oct 14 21:50:58
218.92.227.172;17183;Anonymous;false;China;581;96;Oct 14 21:50:55
195.191.25.221;7808;Anonymous;true;Ukraine;30609;96;Oct 14 21:47:36
195.154.78.122;80;Anonymous;false;France;1468;88;Oct 14 21:47:05
183.223.87.23;8123;Anonymous;true;China;28990;92;Oct 14 21:42:44
183.223.80.251;8123;Anonymous;false;China;3896;25;Oct 14 21:42:15
183.223.29.99;8123;Anonymous;false;China;17623;43;Oct 14 21:42:12
183.223.29.79;8123;Anonymous;false;China;1433;43;Oct 14 21:41:54
183.223.29.70;8123;Anonymous;true;China;20487;29;Oct 14 21:41:52
183.223.29.126;8123;Anonymous;false;China;33289;33;Oct 14 21:41:32
183.223.29.120;8123;Anonymous;false;China;10420;35;Oct 14 21:40:58
183.222.153.47;8123;Anonymous;false;China;1419;71;Oct 14 21:40:17
182.92.67.54;80;Anonymous;true;China;1203;97;Oct 14 21:39:00
182.92.105.140;8888;Anonymous;false;China;4074;96;Oct 14 21:38:59
183.207.232.119;8080;Anonymous;false;China;1416;98;Oct 14 21:37:58
180.153.32.11;8080;Anonymous;false;China;1141;93;Oct 14 21:37:14
111.10.98.121;8123;Anonymous;true;China;11328;52;Oct 14 21:28:35
117.177.175.141;8123;Anonymous;true;China;1617;47;Oct 14 21:24:16
117.177.174.75;8123;Anonymous;true;China;2694;30;Oct 14 21:24:14
117.177.173.28;8123;Anonymous;false;China;1871;44;Oct 14 21:24:11
117.173.254.237;8123;Anonymous;true;China;13503;50;Oct 14 21:23:39
117.173.120.17;8123;Anonymous;true;China;9717;27;Oct 14 21:23:11
117.173.119.140;8123;Anonymous;true;China;13382;56;Oct 14 21:23:01
117.165.45.4;8123;Anonymous;false;China;1386;48;Oct 14 21:22:48
117.163.212.152;8123;Anonymous;true;China;3759;76;Oct 14 21:22:31
117.163.131.132;8123;Anonymous;true;China;4866;54;Oct 14 21:22:27
113.57.230.49;81;Anonymous;false;China;6730;99;Oct 14 21:21:38
119.46.91.234;80;Anonymous;false;Thailand;5540;74;Oct 14 21:19:32
108.60.208.244;7808;Anonymous;true;United States;14022;85;Oct 14 21:19:27
112.96.28.46;80;Anonymous;false;China;1536;99;Oct 14 21:19:02
111.2.243.253;8123;Anonymous;false;China;8888;72;Oct 14 21:17:13
77.175.165.191;80;Anonymous;false;Netherlands;3370;27;Oct 14 21:14:59
95.211.174.170;8080;Anonymous;true;Netherlands;1885;71;Oct 14 21:13:26
62.210.237.175;80;Anonymous;true;France;3601;98;Oct 14 21:13:06
60.194.100.51;80;Anonymous;false;China;1228;98;Oct 14 21:09:42
218.204.131.250;3128;Anonymous;true;China;3055;93;Oct 14 21:07:41
218.201.38.49;80;Anonymous;false;China;5578;97;Oct 14 21:06:46
223.86.14.160;8123;Anonymous;true;China;3522;42;Oct 14 21:06:39
223.86.127.25;8123;Anonymous;true;China;17874;33;Oct 14 21:05:50
223.86.127.154;8123;Anonymous;true;China;17899;66;Oct 14 21:05:32
223.84.232.218;8123;Anonymous;false;China;2335;40;Oct 14 21:05:14
223.83.61.77;8123;Anonymous;true;China;3636;72;Oct 14 21:04:56
218.108.168.70;80;Anonymous;false;China;1611;98;Oct 14 21:03:52
218.108.168.69;80;Anonymous;false;China;1088;93;Oct 14 21:03:50
218.108.168.68;80;Anonymous;false;China;4208;96;Oct 14 21:03:48
219.139.240.176;80;Anonymous;true;China;27045;90;Oct 14 21:03:17
218.92.227.169;18186;Anonymous;false;China;454;98;Oct 14 21:02:50
218.92.227.168;18186;Anonymous;false;China;581;96;Oct 14 21:02:47
218.92.227.166;18186;Anonymous;false;China;413;96;Oct 14 21:02:44
218.92.227.165;16385;Anonymous;false;China;459;94;Oct 14 21:02:34
203.156.197.106;80;Anonymous;false;China;2244;97;Oct 14 21:01:10
202.43.150.210;80;Anonymous;true;China;15818;93;Oct 14 21:00:18
202.108.50.74;80;Anonymous;false;China;1456;95;Oct 14 20:58:52
209.170.151.142;7808;Anonymous;true;United States;7328;95;Oct 14 20:55:34
183.230.53.161;8123;Anonymous;true;China;1389;44;Oct 14 20:45:31
183.230.53.134;8123;Anonymous;true;China;10057;25;Oct 14 20:45:30
183.228.182.19;8123;Anonymous;false;China;25568;33;Oct 14 20:45:20
183.223.87.229;8123;Anonymous;false;China;29553;53;Oct 14 20:44:54
183.223.29.118;8123;Anonymous;true;China;42886;50;Oct 14 20:43:39
183.223.29.115;8123;Anonymous;false;China;6212;48;Oct 14 20:42:56
183.223.11.211;8123;Anonymous;false;China;1890;42;Oct 14 20:42:20
183.222.255.162;8123;Anonymous;true;China;2445;30;Oct 14 20:42:03
183.222.171.186;8123;Anonymous;true;China;25736;66;Oct 14 20:42:00
183.222.153.73;8123;Anonymous;false;China;1523;34;Oct 14 20:41:35
183.221.188.199;8123;Anonymous;false;China;8138;66;Oct 14 20:41:33
183.221.162.6;8123;Anonymous;true;China;3163;57;Oct 14 20:41:25
162.216.155.136;7808;Anonymous;true;United States;293;99;Oct 14 20:40:56
140.206.86.70;8080;Anonymous;false;China;15526;90;Oct 14 20:40:51
149.255.255.250;80;Anonymous;false;Iraq;2946;99;Oct 14 20:36:42
149.255.255.242;80;Anonymous;false;Iraq;3840;97;Oct 14 20:36:39
115.29.76.112;8088;Anonymous;false;China;7217;98;Oct 14 20:32:54
115.29.247.115;8888;Anonymous;false;China;3811;92;Oct 14 20:32:45
120.72.86.10;80;Anonymous;false;Viet Nam;1347;80;Oct 14 20:31:41
120.203.214.187;80;Anonymous;false;China;2179;98;Oct 14 20:31:23
120.203.164.21;8123;Anonymous;true;China;6076;85;Oct 14 20:31:04
120.203.123.160;8123;Anonymous;false;China;1328;44;Oct 14 20:30:58
115.228.51.190;80;Anonymous;false;China;1691;61;Oct 14 20:30:25
117.177.46.42;8123;Anonymous;false;China;41593;63;Oct 14 20:29:53
114.199.152.226;80;Anonymous;true;Korea (South);2581;90;Oct 14 20:29:20
117.176.29.235;8123;Anonymous;false;China;1298;62;Oct 14 20:29:12
117.174.199.93;8123;Anonymous;false;China;8314;62;Oct 14 20:28:40
117.173.59.133;8123;Anonymous;true;China;4543;40;Oct 14 20:28:32
117.173.254.116;8123;Anonymous;false;China;1397;55;Oct 14 20:28:27
119.188.94.145;80;Anonymous;false;China;12082;58;Oct 14 20:27:58
117.172.200.15;8123;Anonymous;true;China;1303;53;Oct 14 20:27:41
117.170.216.106;8123;Anonymous;true;China;4144;73;Oct 14 20:27:39
117.164.163.81;8123;Anonymous;true;China;1775;76;Oct 14 20:27:35
37.239.46.18;80;Anonymous;false;Iraq;988;98;Oct 14 20:11:11
223.86.209.81;8123;Anonymous;true;China;33061;66;Oct 14 20:10:29
223.86.209.78;8123;Anonymous;false;China;1363;22;Oct 14 20:09:56
223.86.12.18;8123;Anonymous;true;China;10967;36;Oct 14 20:09:54
222.79.222.136;8081;Anonymous;true;China;11667;44;Oct 14 20:08:58
222.165.180.21;80;Anonymous;true;Sri Lanka;5763;96;Oct 14 20:07:33
221.178.79.14;8123;Anonymous;true;China;1405;40;Oct 14 20:07:17
221.178.55.146;8123;Anonymous;true;China;10495;62;Oct 14 20:07:16
221.178.118.135;8123;Anonymous;false;China;1453;50;Oct 14 20:07:05
202.99.21.162;8081;Anonymous;true;China;31502;61;Oct 14 20:06:36
195.154.117.237;3128;Anonymous;true;France;1023;75;Oct 14 20:01:41
183.60.98.67;80;Anonymous;false;China;2190;96;Oct 14 19:57:08
183.223.29.121;8123;Anonymous;true;China;1693;65;Oct 14 19:55:25
183.222.250.131;8123;Anonymous;true;China;5300;69;Oct 14 19:55:08
183.221.164.187;8123;Anonymous;true;China;39612;42;Oct 14 19:53:59
140.206.86.68;8080;Anonymous;false;China;4447;89;Oct 14 19:52:07
1.34.152.15;8080;Anonymous;false;Taiwan;1357;50;Oct 14 19:48:46
124.192.167.1;8118;Anonymous;false;China;9486;70;Oct 14 19:47:44
115.228.54.193;80;Anonymous;false;China;3777;50;Oct 14 19:44:58
121.40.194.81;80;Anonymous;false;China;1922;88;Oct 14 19:40:42
121.40.102.152;80;Anonymous;true;China;10041;94;Oct 14 19:40:40
117.170.173.32;8123;Anonymous;true;China;1245;12;Oct 14 19:38:36
117.163.203.178;8123;Anonymous;true;China;9696;77;Oct 14 19:38:35
117.163.203.160;8123;Anonymous;true;China;2462;71;Oct 14 19:38:25
117.163.151.230;8123;Anonymous;true;China;26168;65;Oct 14 19:38:23
111.10.28.249;8123;Anonymous;true;China;1508;75;Oct 14 19:37:47
112.25.133.15;8123;Anonymous;false;China;21592;50;Oct 14 19:37:16
112.110.37.93;18088;Anonymous;true;India;3874;93;Oct 14 19:35:46
115.28.240.199;3128;Anonymous;true;China;8558;96;Oct 14 19:35:28
103.25.203.227;7808;Anonymous;true;Singapore;2058;99;Oct 14 19:35:27
115.28.2.224;80;Anonymous;true;China;7744;80;Oct 14 19:35:19
115.28.137.244;80;Anonymous;false;China;16127;79;Oct 14 19:35:12
115.28.11.165;8888;Anonymous;false;China;6003;94;Oct 14 19:34:53
110.34.34.222;8080;Anonymous;true;Pakistan;9627;91;Oct 14 19:34:22
101.4.60.47;80;Anonymous;false;China;2540;98;Oct 14 19:33:19
65.49.14.147;3128;Anonymous;true;United States;408;98;Oct 14 19:26:59
223.86.212.17;8123;Anonymous;true;China;872;53;Oct 14 19:25:32
222.87.129.30;80;Anonymous;false;China;1448;96;Oct 14 19:23:27
218.92.227.170;34061;Anonymous;false;China;397;97;Oct 14 19:23:07
37.236.167.250;80;Anonymous;false;Iraq;983;96;Oct 14 19:22:35
221.178.83.105;8123;Anonymous;false;China;24325;66;Oct 14 19:19:45
218.203.13.186;80;Anonymous;false;China;879;95;Oct 14 19:19:21
218.203.13.178;80;Anonymous;false;China;2351;89;Oct 14 19:19:19
212.42.116.148;8080;Anonymous;false;Kyrgyzstan;2495;58;Oct 14 19:18:50
202.102.201.99;8080;Anonymous;false;China;27872;72;Oct 14 19:17:55
196.1.113.223;80;Anonymous;true;India;2464;87;Oct 14 19:16:12
211.167.105.67;80;Anonymous;false;China;790;97;Oct 14 19:15:14
211.155.225.210;82;Anonymous;false;China;4635;90;Oct 14 19:15:13
196.201.217.49;80;Anonymous;true;Kenya;1319;98;Oct 14 19:10:17
185.49.15.25;7808;Anonymous;true;Poland;384;99;Oct 14 19:05:17
183.223.79.54;8123;Anonymous;true;China;1401;47;Oct 14 19:04:44
183.223.29.112;8123;Anonymous;false;China;12542;57;Oct 14 19:04:43
183.223.29.105;8123;Anonymous;true;China;4352;54;Oct 14 19:04:30
183.222.255.238;8123;Anonymous;true;China;2119;40;Oct 14 19:04:26
183.222.255.102;8123;Anonymous;true;China;2965;58;Oct 14 19:04:23
117.176.185.54;8123;Anonymous;true;China;1872;63;Oct 14 18:59:00
117.175.34.115;8123;Anonymous;true;China;25323;40;Oct 14 18:58:58
117.167.165.243;8123;Anonymous;true;China;1764;50;Oct 14 18:56:17
120.202.249.232;80;Anonymous;true;China;1221;98;Oct 14 18:52:52
120.202.249.230;80;Anonymous;true;China;1163;97;Oct 14 18:52:51
120.203.214.182;81;Anonymous;false;China;1180;95;Oct 14 18:51:52
120.203.214.147;80;Anonymous;false;China;1318;94;Oct 14 18:51:44
120.203.214.144;80;Anonymous;false;China;1917;97;Oct 14 18:51:38
120.192.200.72;80;Anonymous;false;China;6992;98;Oct 14 18:51:19
119.28.1.60;80;Anonymous;false;China;965;88;Oct 14 18:51:00
111.72.94.77;8123;Anonymous;true;China;4037;77;Oct 14 18:48:28
111.50.190.22;8123;Anonymous;true;China;2562;52;Oct 14 18:48:21
111.40.194.42;80;Anonymous;false;China;1493;94;Oct 14 18:48:17
119.4.95.136;80;Anonymous;false;China;727;96;Oct 14 18:48:13
111.40.194.38;80;Anonymous;false;China;1577;92;Oct 14 18:48:11
91.183.124.41;80;Anonymous;false;Belgium;16852;43;Oct 14 18:44:29
94.201.134.251;80;Anonymous;false;United Arab Emirates;2760;58;Oct 14 18:43:10
88.86.218.69;3128;Anonymous;true;Russian Federation;33078;56;Oct 14 18:42:16
23.251.149.27;80;Anonymous;true;United States;2682;78;Oct 14 18:38:59
223.86.9.91;8123;Anonymous;true;China;1480;50;Oct 14 18:38:40
223.86.4.61;8123;Anonymous;true;China;4930;66;Oct 14 18:38:39
223.86.213.175;8123;Anonymous;false;China;2500;53;Oct 14 18:38:19
203.100.80.81;8080;Anonymous;false;China;2806;92;Oct 14 18:37:59
221.178.118.31;8123;Anonymous;true;China;12683;60;Oct 14 18:36:40
221.141.1.176;3128;Anonymous;true;Korea (South);1222;75;Oct 14 18:36:27
212.73.73.251;3128;Anonymous;true;Armenia;782;53;Oct 14 18:33:08
211.167.105.72;80;Anonymous;false;China;794;96;Oct 14 18:32:15
183.238.133.43;80;Anonymous;true;China;14155;88;Oct 14 18:20:36
183.230.53.192;8123;Anonymous;true;China;1892;50;Oct 14 18:20:22
183.223.35.206;8123;Anonymous;true;China;4426;50;Oct 14 18:19:14
183.222.153.130;8123;Anonymous;true;China;4798;42;Oct 14 18:18:06
183.220.195.4;8123;Anonymous;false;China;8618;72;Oct 14 18:16:44
183.220.192.48;8123;Anonymous;true;China;6062;42;Oct 14 18:16:35
163.177.203.69;80;Anonymous;true;China;13381;85;Oct 14 18:15:28
180.153.32.9;8080;Anonymous;false;China;10960;89;Oct 14 18:14:16
183.140.166.108;80;Anonymous;false;China;1775;31;Oct 14 18:14:08
183.140.164.102;80;Anonymous;false;China;1733;33;Oct 14 18:14:02
111.40.194.105;80;Anonymous;false;China;32005;94;Oct 14 18:11:37
111.40.194.104;81;Anonymous;false;China;1587;94;Oct 14 18:11:05
124.161.78.202;808;Anonymous;false;China;1580;52;Oct 14 18:09:59
117.79.64.84;80;Anonymous;false;China;540;96;Oct 14 18:09:23
117.27.157.111;8081;Anonymous;true;China;15726;94;Oct 14 18:07:39
117.25.129.238;8888;Anonymous;false;China;6138;98;Oct 14 18:07:23
116.228.55.217;8003;Anonymous;true;China;4712;77;Oct 14 18:05:41
114.31.246.120;3128;Anonymous;false;Indonesia;1116;85;Oct 14 18:05:37
114.255.183.164;8080;Anonymous;false;China;1372;81;Oct 14 18:05:31
113.204.201.214;80;Anonymous;true;China;5877;88;Oct 14 18:03:17
117.170.211.192;8123;Anonymous;true;China;6396;66;Oct 14 18:02:52
117.164.2.12;8123;Anonymous;false;China;1982;66;Oct 14 18:02:42
106.3.40.249;8081;Anonymous;false;China;1406;97;Oct 14 18:02:41
117.163.64.177;8123;Anonymous;true;China;38836;66;Oct 14 18:02:40
117.163.252.138;8123;Anonymous;false;China;4294;55;Oct 14 18:02:01
115.236.59.194;3128;Anonymous;false;China;981;98;Oct 14 18:00:13
115.228.61.81;80;Anonymous;false;China;1506;43;Oct 14 17:59:26
115.228.104.100;80;Anonymous;false;China;1461;37;Oct 14 17:59:07
112.18.159.113;8123;Anonymous;true;China;1570;50;Oct 14 17:58:19
112.124.30.44;808;Anonymous;false;China;6147;95;Oct 14 17:58:12
94.202.185.42;80;Anonymous;false;United Arab Emirates;1382;50;Oct 14 17:55:38
92.222.39.235;80;Anonymous;true;France;383;50;Oct 14 17:55:17
91.250.87.191;9415;Anonymous;true;Germany;10669;50;Oct 14 17:55:02
82.211.54.233;80;Anonymous;false;Germany;1307;87;Oct 14 17:51:15
82.200.198.2;81;Anonymous;false;Kazakhstan;819;50;Oct 14 17:50:57
223.84.210.120;8123;Anonymous;true;China;2561;50;Oct 14 17:50:43
223.84.198.85;8123;Anonymous;false;China;2520;50;Oct 14 17:50:25
223.84.178.15;8123;Anonymous;true;China;26053;50;Oct 14 17:50:23
58.242.249.62;18186;Anonymous;false;China;1015;94;Oct 14 17:50:06
58.242.249.14;18186;Anonymous;false;China;17894;92;Oct 14 17:49:59
223.84.16.207;8123;Anonymous;true;China;7628;50;Oct 14 17:49:57
223.84.119.123;8123;Anonymous;true;China;3846;50;Oct 14 17:49:49
223.84.104.200;8123;Anonymous;true;China;17512;50;Oct 14 17:49:45
58.213.19.145;1920;Anonymous;false;China;12743;44;Oct 14 17:49:39
223.83.85.50;8123;Anonymous;true;China;6369;50;Oct 14 17:49:28
223.83.84.33;8123;Anonymous;true;China;1413;50;Oct 14 17:49:21
223.83.57.234;8123;Anonymous;true;China;9892;50;Oct 14 17:49:20
223.83.36.107;8123;Anonymous;true;China;18346;50;Oct 14 17:49:10
223.83.134.52;8123;Anonymous;true;China;8743;50;Oct 14 17:48:51
223.83.134.116;8123;Anonymous;false;China;11957;50;Oct 14 17:48:43
78.24.217.184;3128;Anonymous;true;Russian Federation;966;66;Oct 14 17:48:25
223.82.171.163;8123;Anonymous;true;China;42312;50;Oct 14 17:48:16
37.187.3.202;8118;Anonymous;true;France;2380;69;Oct 14 17:47:22
222.56.72.222;8123;Anonymous;true;China;1971;13;Oct 14 17:47:02
57.77.20.167;8080;Anonymous;true;France;34950;38;Oct 14 17:46:48
27.9.144.33;80;Anonymous;false;China;2925;66;Oct 14 17:46:12
222.161.248.122;80;Anonymous;false;China;2257;50;Oct 14 17:45:51
5.32.67.139;8080;Anonymous;false;United Arab Emirates;909;96;Oct 14 17:45:09
221.196.150.196;8118;Anonymous;false;China;2049;50;Oct 14 17:44:54
221.178.96.57;8123;Anonymous;true;China;18184;50;Oct 14 17:44:52
221.178.79.138;8123;Anonymous;true;China;45916;50;Oct 14 17:44:34
221.178.76.216;8123;Anonymous;false;China;3487;71;Oct 14 17:43:48
221.178.54.197;8123;Anonymous;true;China;2490;50;Oct 14 17:42:59
221.178.31.42;8123;Anonymous;true;China;47527;50;Oct 14 17:42:57
221.178.29.250;8123;Anonymous;true;China;14782;66;Oct 14 17:42:09
221.178.28.3;8123;Anonymous;false;China;22260;50;Oct 14 17:41:54
41.63.165.119;80;Anonymous;true;Angola;1359;50;Oct 14 17:41:28
221.178.119.16;8123;Anonymous;true;China;9202;50;Oct 14 17:40:45
211.143.146.239;80;Anonymous;false;China;18385;94;Oct 14 17:38:08
198.52.217.44;7808;Anonymous;true;Canada;283;97;Oct 14 17:32:41
202.77.124.90;3128;Anonymous;true;Indonesia;874;97;Oct 14 17:32:32
202.77.124.91;3128;Anonymous;false;Indonesia;865;95;Oct 14 17:32:32
202.77.124.87;3128;Anonymous;true;Indonesia;980;96;Oct 14 17:32:31
202.117.120.24;80;Anonymous;false;China;17191;67;Oct 14 17:32:25
202.108.50.75;80;Anonymous;false;China;2650;92;Oct 14 17:31:22
202.198.8.61;8099;Anonymous;true;China;22747;65;Oct 14 17:31:10
202.195.237.242;80;Anonymous;false;China;23429;95;Oct 14 17:30:47
199.200.120.140;8089;Anonymous;true;United States;333;94;Oct 14 17:27:41
183.221.208.181;8123;Anonymous;false;China;12225;50;Oct 14 17:21:07
183.221.208.122;8123;Anonymous;true;China;2524;33;Oct 14 17:20:54
183.221.190.166;8123;Anonymous;false;China;2511;55;Oct 14 17:20:52
183.221.186.84;8123;Anonymous;true;China;4774;50;Oct 14 17:20:49
183.221.147.55;8123;Anonymous;true;China;39048;50;Oct 14 17:20:44
183.220.199.61;8123;Anonymous;false;China;4078;55;Oct 14 17:20:05
183.220.198.225;8123;Anonymous;false;China;3373;25;Oct 14 17:19:46
183.219.94.30;8123;Anonymous;true;China;4569;50;Oct 14 17:19:43
183.219.91.134;8123;Anonymous;true;China;3251;50;Oct 14 17:19:38
183.219.76.221;8123;Anonymous;true;China;8847;50;Oct 14 17:19:35
183.219.58.17;8123;Anonymous;true;China;3022;50;Oct 14 17:19:26
183.219.33.67;8123;Anonymous;true;China;17560;50;Oct 14 17:19:21
183.219.251.231;8123;Anonymous;true;China;8218;50;Oct 14 17:19:04
183.219.172.123;8123;Anonymous;true;China;5961;50;Oct 14 17:18:55
183.219.15.251;8123;Anonymous;true;China;6092;50;Oct 14 17:18:49
183.219.143.114;8123;Anonymous;false;China;1236;50;Oct 14 17:18:43
183.219.140.36;8123;Anonymous;true;China;2109;50;Oct 14 17:18:42
189.197.3.252;3128;Anonymous;false;Mexico;24186;50;Oct 14 17:18:41
183.219.10.193;8123;Anonymous;true;China;4114;50;Oct 14 17:18:40
183.218.55.156;8123;Anonymous;false;China;1698;50;Oct 14 17:18:36
183.218.231.174;8123;Anonymous;false;China;1337;50;Oct 14 17:18:34
183.218.116.105;8123;Anonymous;false;China;1984;50;Oct 14 17:18:33
183.61.143.133;80;Anonymous;true;China;11447;89;Oct 14 17:18:33
183.217.203.157;8123;Anonymous;true;China;1401;50;Oct 14 17:18:31
183.230.53.207;8123;Anonymous;true;China;8454;52;Oct 14 17:17:30
183.230.53.159;8123;Anonymous;false;China;8383;38;Oct 14 17:17:06
183.230.53.155;8123;Anonymous;true;China;14600;52;Oct 14 17:16:58
183.217.137.187;8123;Anonymous;true;China;4503;50;Oct 14 17:16:54
183.216.61.101;8123;Anonymous;false;China;29122;50;Oct 14 17:16:49
183.230.53.151;8123;Anonymous;true;China;8178;36;Oct 14 17:16:43
124.240.187.76;82;Anonymous;false;China;2513;60;Oct 14 17:16:39
183.228.43.92;8123;Anonymous;true;China;23258;50;Oct 14 17:16:25
183.216.227.188;8123;Anonymous;true;China;12997;50;Oct 14 17:16:20
124.16.144.119;81;Anonymous;true;China;14910;85;Oct 14 17:16:17
187.16.144.141;8080;Anonymous;false;Brazil;1118;50;Oct 14 17:16:04
183.228.43.17;8123;Anonymous;true;China;3680;50;Oct 14 17:16:02
183.210.118.64;8585;Anonymous;false;China;1534;50;Oct 14 17:16:01
183.208.203.51;8123;Anonymous;false;China;3869;50;Oct 14 17:16:00
183.228.43.116;8123;Anonymous;true;China;13858;50;Oct 14 17:15:58
183.141.76.130;80;Anonymous;false;China;1664;50;Oct 14 17:14:58
183.140.161.129;80;Anonymous;false;China;7201;50;Oct 14 17:14:19
183.228.182.254;8123;Anonymous;true;China;5112;50;Oct 14 17:13:24
183.227.28.225;8123;Anonymous;true;China;1573;50;Oct 14 17:13:19
183.227.27.230;8123;Anonymous;true;China;8493;50;Oct 14 17:13:17
183.227.252.215;8123;Anonymous;true;China;5283;50;Oct 14 17:13:08
183.223.34.45;8123;Anonymous;true;China;4463;50;Oct 14 17:12:48
183.223.29.97;8123;Anonymous;true;China;3145;30;Oct 14 17:12:44
183.223.156.167;8123;Anonymous;false;China;9845;50;Oct 14 17:12:41
183.223.13.48;8123;Anonymous;false;China;4982;50;Oct 14 17:12:31
183.223.11.98;8123;Anonymous;false;China;2736;63;Oct 14 17:12:26
183.222.154.204;8123;Anonymous;false;China;1623;50;Oct 14 17:12:08
183.221.37.158;8123;Anonymous;true;China;9169;50;Oct 14 17:12:06
117.166.24.235;8123;Anonymous;true;China;2945;50;Oct 14 17:11:19
117.166.23.12;8123;Anonymous;true;China;2163;50;Oct 14 17:11:16
117.166.218.100;8123;Anonymous;true;China;3455;50;Oct 14 17:11:14
117.166.21.25;8123;Anonymous;true;China;5586;55;Oct 14 17:11:11
117.166.16.12;8123;Anonymous;true;China;34926;50;Oct 14 17:11:05
112.25.133.5;8123;Anonymous;false;China;8135;57;Oct 14 17:10:58
117.166.12.218;8123;Anonymous;true;China;4322;50;Oct 14 17:10:30
117.165.45.204;8123;Anonymous;false;China;43810;50;Oct 14 17:09:18
120.206.76.243;8123;Anonymous;true;China;7555;57;Oct 14 17:08:50
112.18.166.238;8123;Anonymous;true;China;3050;50;Oct 14 17:08:49
112.18.159.32;8123;Anonymous;true;China;842;57;Oct 14 17:08:46
120.206.160.202;8123;Anonymous;true;China;4878;50;Oct 14 17:08:42
120.206.149.193;8123;Anonymous;true;China;30608;50;Oct 14 17:08:38
120.203.240.11;8123;Anonymous;true;China;1520;50;Oct 14 17:08:07
120.199.245.224;8123;Anonymous;true;China;7509;50;Oct 14 17:07:50
120.199.245.161;8123;Anonymous;true;China;6704;50;Oct 14 17:07:43
120.199.241.242;8123;Anonymous;true;China;28096;50;Oct 14 17:07:36
117.165.140.137;8123;Anonymous;true;China;4205;50;Oct 14 17:06:53
117.164.63.122;8123;Anonymous;false;China;1852;50;Oct 14 17:06:49
117.164.223.76;8123;Anonymous;false;China;1973;50;Oct 14 17:06:08
117.164.172.170;8123;Anonymous;true;China;1330;50;Oct 14 17:05:52
117.164.153.142;8123;Anonymous;true;China;1349;50;Oct 14 17:05:51
117.164.15.252;8123;Anonymous;true;China;1673;50;Oct 14 17:05:49
117.164.140.9;8123;Anonymous;true;China;1871;50;Oct 14 17:05:48
125.123.85.121;80;Anonymous;false;China;3001;39;Oct 14 17:05:48
117.164.133.94;8123;Anonymous;true;China;3115;50;Oct 14 17:05:46
117.164.0.246;8123;Anonymous;false;China;2047;50;Oct 14 17:05:43
125.123.80.215;80;Anonymous;false;China;1633;50;Oct 14 17:05:33
117.163.56.220;8123;Anonymous;true;China;1220;50;Oct 14 17:05:25
117.163.25.240;8123;Anonymous;true;China;1424;50;Oct 14 17:05:24
117.163.219.213;8123;Anonymous;true;China;1635;50;Oct 14 17:05:08
117.163.210.253;8123;Anonymous;true;China;20031;50;Oct 14 17:05:06
117.176.188.141;8123;Anonymous;true;China;1512;50;Oct 14 17:04:49
117.176.107.120;8123;Anonymous;false;China;27287;33;Oct 14 17:04:47
117.163.152.15;8123;Anonymous;true;China;1605;50;Oct 14 17:04:46
117.163.152.124;8123;Anonymous;true;China;21819;50;Oct 14 17:04:44
111.10.88.245;8123;Anonymous;true;China;4092;50;Oct 14 17:04:24
117.163.107.30;8123;Anonymous;true;China;2061;50;Oct 14 17:04:23
117.162.240.243;8123;Anonymous;true;China;2734;50;Oct 14 17:04:21
111.10.147.125;8123;Anonymous;true;China;2108;50;Oct 14 17:04:20
111.10.136.63;8123;Anonymous;true;China;2370;50;Oct 14 17:04:18
117.162.239.92;8123;Anonymous;true;China;2534;50;Oct 14 17:04:18
111.10.119.93;8123;Anonymous;true;China;1695;50;Oct 14 17:04:15
117.162.238.125;8123;Anonymous;true;China;2030;50;Oct 14 17:04:15
110.90.55.193;8118;Anonymous;false;China;4243;90;Oct 14 17:04:14
117.162.224.207;8123;Anonymous;true;China;25970;50;Oct 14 17:04:13
117.175.212.31;8123;Anonymous;false;China;43367;50;Oct 14 17:04:11
117.162.210.250;8123;Anonymous;true;China;31150;50;Oct 14 17:03:47
117.175.212.164;8123;Anonymous;false;China;1787;56;Oct 14 17:03:28
117.174.203.76;8123;Anonymous;true;China;2658;52;Oct 14 17:03:26
117.174.193.247;8123;Anonymous;true;China;10727;42;Oct 14 17:03:23
117.121.21.222;80;Anonymous;true;China;1853;98;Oct 14 17:02:11
117.173.116.233;8123;Anonymous;true;China;5170;50;Oct 14 17:02:10
117.171.153.6;8123;Anonymous;true;China;19937;50;Oct 14 17:02:05
118.69.34.208;3128;Anonymous;true;Viet Nam;34433;50;Oct 14 17:01:18
117.170.223.2;8123;Anonymous;true;China;7988;50;Oct 14 17:00:50
117.170.167.209;8123;Anonymous;true;China;3393;50;Oct 14 17:00:27
117.170.165.212;8123;Anonymous;true;China;3236;50;Oct 14 17:00:24
117.169.166.83;8123;Anonymous;true;China;20250;50;Oct 14 17:00:21
117.169.161.128;8123;Anonymous;false;China;2428;50;Oct 14 17:00:00
117.168.35.70;8123;Anonymous;true;China;3193;50;Oct 14 16:59:58
117.167.68.73;8123;Anonymous;true;China;4343;50;Oct 14 16:59:54
117.167.29.199;8123;Anonymous;true;China;13700;50;Oct 14 16:59:50
117.167.227.187;8123;Anonymous;true;China;4979;50;Oct 14 16:59:36
115.29.184.17;82;Anonymous;false;China;10185;96;Oct 14 16:59:16
117.167.213.174;8123;Anonymous;true;China;1342;50;Oct 14 16:59:16
117.167.167.83;8123;Anonymous;true;China;1946;50;Oct 14 16:59:15
106.37.188.197;8888;Anonymous;false;China;977;50;Oct 14 16:59:04
117.167.101.140;8123;Anonymous;true;China;31338;50;Oct 14 16:58:58
117.166.81.122;8123;Anonymous;true;China;6363;50;Oct 14 16:58:27
117.166.80.96;8123;Anonymous;true;China;4636;50;Oct 14 16:58:20
115.228.60.254;80;Anonymous;false;China;1587;50;Oct 14 16:58:17
117.166.80.49;8123;Anonymous;true;China;5032;50;Oct 14 16:58:16
117.166.75.122;8123;Anonymous;true;China;1385;50;Oct 14 16:58:11
103.249.101.222;49385;Anonymous;true;Viet Nam;9117;44;Oct 14 16:58:00
117.166.67.104;8123;Anonymous;true;China;28314;50;Oct 14 16:57:54
117.166.49.65;8123;Anonymous;true;China;7636;50;Oct 14 16:57:26
117.166.35.35;8123;Anonymous;false;China;14797;50;Oct 14 16:56:33
101.229.252.106;8080;Anonymous;false;China;15699;50;Oct 14 16:56:19
117.166.26.92;8123;Anonymous;true;China;10683;50;Oct 14 16:56:18
223.86.3.247;8123;Anonymous;true;China;19857;40;Oct 14 16:50:13
223.86.212.195;8123;Anonymous;true;China;4496;50;Oct 14 16:49:53
86.122.124.11;80;Anonymous;true;Romania;13691;73;Oct 14 16:47:50
223.83.235.101;8123;Anonymous;false;China;35185;30;Oct 14 16:47:23
223.82.217.195;8123;Anonymous;true;China;4965;45;Oct 14 16:45:52
64.31.22.131;7808;Anonymous;true;United States;255;98;Oct 14 16:45:32
220.181.45.4;8888;Anonymous;false;China;5130;84;Oct 14 16:43:33
60.55.43.74;80;Anonymous;false;China;1202;98;Oct 14 16:40:18
211.22.11.46;444;Anonymous;false;Taiwan;38500;11;Oct 14 16:39:26
218.207.102.106;843;Anonymous;false;China;4539;87;Oct 14 16:39:24
211.167.105.74;80;Anonymous;false;China;988;98;Oct 14 16:37:20
211.167.105.69;80;Anonymous;false;China;1087;97;Oct 14 16:37:17
211.167.105.106;80;Anonymous;false;China;896;97;Oct 14 16:37:16
211.152.50.70;80;Anonymous;true;China;25038;86;Oct 14 16:37:13
188.40.252.215;7808;Anonymous;true;Germany;344;97;Oct 14 16:21:14
183.230.53.201;8123;Anonymous;true;China;1449;41;Oct 14 16:16:36
183.230.53.171;8123;Anonymous;false;China;1538;37;Oct 14 16:16:34
183.230.53.164;8123;Anonymous;false;China;18016;34;Oct 14 16:16:33
183.230.53.160;8123;Anonymous;false;China;7086;85;Oct 14 16:16:15
183.230.53.149;8123;Anonymous;false;China;2580;45;Oct 14 16:16:08
183.228.38.218;8123;Anonymous;false;China;2561;50;Oct 14 16:16:02
183.228.196.163;8123;Anonymous;false;China;1941;66;Oct 14 16:15:59
124.37.198.121;8080;Anonymous;false;Japan;1227;50;Oct 14 16:15:19
183.223.29.67;8123;Anonymous;true;China;2691;43;Oct 14 16:15:11
183.223.29.65;8123;Anonymous;true;China;38676;44;Oct 14 16:15:08
183.223.29.116;8123;Anonymous;false;China;3076;49;Oct 14 16:13:44
183.223.29.113;8123;Anonymous;true;China;1548;41;Oct 14 16:13:41
183.223.21.251;8123;Anonymous;false;China;2103;30;Oct 14 16:13:39
183.223.166.210;8123;Anonymous;true;China;1547;66;Oct 14 16:13:36
183.222.153.173;8123;Anonymous;true;China;1949;38;Oct 14 16:13:33
183.221.160.92;8123;Anonymous;true;China;3482;50;Oct 14 16:13:31
183.221.160.249;8123;Anonymous;true;China;8795;47;Oct 14 16:13:28
183.220.40.150;8123;Anonymous;false;China;1126;38;Oct 14 16:13:19
183.220.198.173;8123;Anonymous;true;China;1579;75;Oct 14 16:13:18
183.220.154.24;8123;Anonymous;false;China;1561;40;Oct 14 16:13:16
183.219.85.204;8123;Anonymous;false;China;23698;70;Oct 14 16:12:56
183.217.80.123;8123;Anonymous;true;China;2416;1;Oct 14 16:12:33
183.140.163.74;80;Anonymous;false;China;5833;55;Oct 14 16:10:37
117.21.192.7;80;Anonymous;false;China;1237;97;Oct 14 16:08:25
117.177.45.200;8123;Anonymous;true;China;1559;60;Oct 14 16:08:24
117.177.174.183;8123;Anonymous;true;China;1532;28;Oct 14 16:07:37
117.175.214.32;8123;Anonymous;false;China;1708;40;Oct 14 16:07:35
117.175.109.128;8123;Anonymous;true;China;19866;44;Oct 14 16:07:16
120.24.101.7;80;Anonymous;true;China;7948;84;Oct 14 16:07:15
120.203.234.199;8123;Anonymous;false;China;1548;16;Oct 14 16:07:07
117.174.231.131;8123;Anonymous;true;China;2168;60;Oct 14 16:06:57
117.174.193.225;8123;Anonymous;false;China;2564;66;Oct 14 16:06:54
117.173.36.26;8123;Anonymous;true;China;1740;40;Oct 14 16:06:52
117.173.254.93;8123;Anonymous;true;China;22586;50;Oct 14 16:06:50
117.173.125.213;8123;Anonymous;true;China;3130;44;Oct 14 16:06:12
119.9.25.234;8080;Anonymous;false;Hong Kong;1385;77;Oct 14 16:05:48
117.170.23.40;8123;Anonymous;true;China;4658;72;Oct 14 16:05:44
112.96.28.49;80;Anonymous;false;China;2178;98;Oct 14 16:05:40
117.170.23.218;8123;Anonymous;true;China;4499;83;Oct 14 16:05:40
111.13.109.51;80;Anonymous;false;China;1730;99;Oct 14 16:05:12
111.13.109.26;80;Anonymous;false;China;1379;98;Oct 14 16:05:09
111.11.228.9;81;Anonymous;false;China;2276;98;Oct 14 16:05:06
117.165.30.148;8123;Anonymous;true;China;1647;66;Oct 14 16:04:20
117.165.131.60;8123;Anonymous;true;China;2322;81;Oct 14 16:04:18
117.162.219.15;8123;Anonymous;false;China;15296;66;Oct 14 16:03:30
117.162.195.232;8123;Anonymous;true;China;2802;66;Oct 14 16:03:15
117.162.136.254;8123;Anonymous;false;China;3839;66;Oct 14 16:03:12
101.4.60.51;80;Anonymous;false;China;2499;99;Oct 14 16:02:42
77.42.219.246;8080;Anonymous;false;Lebanon;1861;90;Oct 14 15:58:02
91.121.167.5;8118;Anonymous;false;France;5093;67;Oct 14 15:56:53
61.50.245.163;8000;Anonymous;false;China;3332;96;Oct 14 15:54:24
61.155.169.11;808;Anonymous;false;China;3146;94;Oct 14 15:53:43
61.184.192.42;80;Anonymous;false;China;1913;80;Oct 14 15:51:53
223.86.212.227;8123;Anonymous;false;China;1118;72;Oct 14 15:51:39
218.203.13.173;80;Anonymous;false;China;1019;90;Oct 14 15:51:06
221.141.1.222;3128;Anonymous;false;Korea (South);1494;81;Oct 14 15:47:51
58.30.231.153;80;Anonymous;true;China;5823;96;Oct 14 15:47:42
211.77.5.41;3128;Anonymous;true;Taiwan;15283;70;Oct 14 15:47:16
211.167.105.102;80;Anonymous;false;China;1969;88;Oct 14 15:40:03
211.103.250.146;80;Anonymous;true;China;7120;86;Oct 14 15:38:43
184.164.77.109;8089;Anonymous;true;United States;913;92;Oct 14 15:31:18
183.223.29.102;8123;Anonymous;true;China;1942;51;Oct 14 15:30:48
183.223.175.205;8123;Anonymous;false;China;10592;27;Oct 14 15:30:00
183.60.98.66;80;Anonymous;false;China;1115;96;Oct 14 15:29:44
183.60.98.65;80;Anonymous;false;China;2825;94;Oct 14 15:29:43
183.223.172.96;8123;Anonymous;false;China;1662;52;Oct 14 15:29:04
183.223.169.193;8123;Anonymous;false;China;1554;22;Oct 14 15:29:02
183.223.162.42;8123;Anonymous;false;China;1971;43;Oct 14 15:29:01
183.224.1.56;80;Anonymous;true;China;1254;98;Oct 14 15:27:47
183.221.217.200;8123;Anonymous;false;China;6824;37;Oct 14 15:27:42
183.221.217.126;8123;Anonymous;true;China;1574;34;Oct 14 15:27:35
183.221.185.100;8123;Anonymous;false;China;2422;44;Oct 14 15:27:33
183.223.82.55;8123;Anonymous;true;China;11878;28;Oct 14 15:27:33
183.141.79.4;80;Anonymous;false;China;3254;50;Oct 14 15:27:15
183.220.198.153;8123;Anonymous;true;China;1644;44;Oct 14 15:26:45
182.118.23.7;8081;Anonymous;false;China;1571;98;Oct 14 15:26:27
183.207.232.194;8080;Anonymous;false;China;2606;99;Oct 14 15:26:25
183.207.232.193;8080;Anonymous;false;China;1504;99;Oct 14 15:26:22
183.207.229.196;80;Anonymous;false;China;580;97;Oct 14 15:26:18
183.140.164.7;80;Anonymous;false;China;1530;27;Oct 14 15:25:51
183.207.229.138;80;Anonymous;false;China;585;99;Oct 14 15:25:18
166.78.165.46;80;Anonymous;false;United States;13652;33;Oct 14 15:25:11
183.207.229.137;80;Anonymous;false;China;683;99;Oct 14 15:25:11
117.175.212.215;8123;Anonymous;false;China;8105;52;Oct 14 15:19:16
117.175.212.126;8123;Anonymous;false;China;1923;50;Oct 14 15:19:08
117.175.109.44;8123;Anonymous;true;China;2991;40;Oct 14 15:18:51
117.174.219.79;8123;Anonymous;false;China;1603;50;Oct 14 15:18:48
117.173.242.91;8123;Anonymous;true;China;2689;70;Oct 14 15:17:22
117.170.221.157;8123;Anonymous;false;China;3707;66;Oct 14 15:16:23
113.140.25.4;81;Anonymous;false;China;1906;96;Oct 14 15:16:04
117.164.44.165;8123;Anonymous;true;China;3907;57;Oct 14 15:15:34
113.108.136.230;8088;Anonymous;true;China;1546;94;Oct 14 15:15:33
117.164.209.26;8123;Anonymous;false;China;1399;72;Oct 14 15:15:30
112.18.172.145;8123;Anonymous;false;China;1977;33;Oct 14 15:14:07
112.18.165.135;8123;Anonymous;true;China;1608;60;Oct 14 15:14:05
115.228.55.9;80;Anonymous;false;China;21602;67;Oct 14 15:10:54
115.228.105.84;80;Anonymous;false;China;2691;54;Oct 14 15:10:32
223.87.62.191;8123;Anonymous;false;China;1954;62;Oct 14 15:06:53
58.242.249.55;18186;Anonymous;false;China;1879;96;Oct 14 15:06:43
223.86.8.230;8123;Anonymous;true;China;1705;52;Oct 14 15:06:36
223.86.117.172;8123;Anonymous;false;China;1663;75;Oct 14 15:05:03
223.83.59.94;8123;Anonymous;true;China;2472;42;Oct 14 15:05:02
84.25.28.11;80;Anonymous;false;Netherlands;7374;2;Oct 14 15:04:59
59.72.128.7;808;Anonymous;false;China;1495;17;Oct 14 15:01:54
59.175.137.83;88;Anonymous;false;China;1233;98;Oct 14 15:01:34
61.153.209.18;3128;Anonymous;true;China;4549;38;Oct 14 15:01:22
218.203.13.169;80;Anonymous;false;China;1018;81;Oct 14 14:54:46
210.57.208.14;443;Anonymous;true;Indonesia;8768;85;Oct 14 14:51:09
196.201.217.48;80;Anonymous;true;Kenya;17418;94;Oct 14 14:41:41
183.223.35.48;8123;Anonymous;false;China;1643;35;Oct 14 14:40:57
183.223.175.210;8123;Anonymous;false;China;7889;33;Oct 14 14:40:56
183.223.173.57;8123;Anonymous;false;China;7794;42;Oct 14 14:40:48
183.223.162.15;8123;Anonymous;false;China;14783;24;Oct 14 14:40:33
180.153.32.93;8088;Anonymous;false;China;4643;98;Oct 14 14:40:30
183.222.255.93;8123;Anonymous;false;China;2641;58;Oct 14 14:39:17
183.222.255.47;8123;Anonymous;true;China;2147;70;Oct 14 14:39:14
183.222.172.112;8123;Anonymous;false;China;12282;49;Oct 14 14:38:57
183.221.206.47;8123;Anonymous;true;China;1749;60;Oct 14 14:38:35
183.220.153.238;8123;Anonymous;false;China;2194;52;Oct 14 14:37:48
183.218.85.89;8123;Anonymous;true;China;4840;72;Oct 14 14:37:46
183.140.164.23;80;Anonymous;false;China;2626;50;Oct 14 14:35:34
162.208.49.45;7808;Anonymous;true;United States;297;97;Oct 14 14:34:48
175.126.111.98;80;Anonymous;true;Korea (South);14639;43;Oct 14 14:31:22
124.207.162.94;80;Anonymous;false;China;2085;95;Oct 14 14:28:49
125.123.85.69;80;Anonymous;false;China;2957;50;Oct 14 14:27:26
114.215.131.118;80;Anonymous;true;China;17819;90;Oct 14 14:25:38
107.170.42.158;80;Anonymous;true;United States;24847;45;Oct 14 14:24:47
117.177.173.144;8123;Anonymous;false;China;3280;50;Oct 14 14:22:17
117.176.185.107;8123;Anonymous;false;China;6639;50;Oct 14 14:22:13
117.173.58.234;8123;Anonymous;true;China;2188;50;Oct 14 14:22:07
117.173.253.123;8123;Anonymous;true;China;1764;57;Oct 14 14:22:05
117.173.241.15;8123;Anonymous;false;China;1176;30;Oct 14 14:22:03
117.173.22.107;8123;Anonymous;true;China;5974;40;Oct 14 14:22:02
120.210.74.5;8123;Anonymous;false;China;4762;51;Oct 14 14:21:50
117.170.55.161;8123;Anonymous;true;China;2508;33;Oct 14 14:21:41
111.1.44.24;80;Anonymous;false;China;1615;98;Oct 14 14:20:56
117.163.179.214;8123;Anonymous;false;China;719;36;Oct 14 14:20:49
111.115.69.7;18186;Anonymous;false;China;1568;50;Oct 14 14:20:41
111.10.139.109;8123;Anonymous;true;China;8488;50;Oct 14 14:20:36
61.53.143.179;80;Anonymous;true;China;2434;75;Oct 14 14:09:36
37.239.46.50;80;Anonymous;false;Iraq;6516;95;Oct 14 14:06:06
223.87.63.131;8123;Anonymous;true;China;30408;45;Oct 14 14:06:02
37.239.46.2;80;Anonymous;false;Iraq;4121;98;Oct 14 14:05:59
37.239.46.26;80;Anonymous;false;Iraq;799;98;Oct 14 14:05:55
37.239.46.10;80;Anonymous;false;Iraq;830;98;Oct 14 14:05:54
223.86.6.83;8123;Anonymous;false;China;1555;40;Oct 14 14:04:43
223.72.238.123;80;Anonymous;false;China;2710;24;Oct 14 14:03:55
211.167.105.99;83;Anonymous;false;China;1788;75;Oct 14 14:02:07
223.86.113.44;8123;Anonymous;true;China;38419;58;Oct 14 14:01:38
203.209.87.53;8080;Anonymous;true;Thailand;28800;66;Oct 14 14:00:24
223.84.68.215;8123;Anonymous;true;China;1658;50;Oct 14 13:59:59
223.84.158.61;8123;Anonymous;false;China;8816;75;Oct 14 13:59:43
223.83.57.136;8123;Anonymous;true;China;2327;75;Oct 14 13:59:34
223.83.32.165;8123;Anonymous;true;China;2612;75;Oct 14 13:59:31
221.178.76.229;8123;Anonymous;false;China;1597;71;Oct 14 13:59:16
223.83.196.228;8123;Anonymous;true;China;1763;46;Oct 14 13:59:14
221.178.29.141;8123;Anonymous;true;China;2734;50;Oct 14 13:59:13
218.7.132.1;8080;Anonymous;false;China;6320;75;Oct 14 13:58:44
221.178.14.28;8123;Anonymous;false;China;1611;37;Oct 14 13:58:37
221.178.110.91;8123;Anonymous;true;China;25920;75;Oct 14 13:58:36
221.176.14.72;80;Anonymous;false;China;3099;97;Oct 14 13:58:10
202.77.124.89;3128;Anonymous;false;Indonesia;12140;94;Oct 14 13:54:50
202.77.124.84;3128;Anonymous;true;Indonesia;23892;97;Oct 14 13:53:53
202.77.124.82;3128;Anonymous;true;Indonesia;2156;96;Oct 14 13:53:29
202.153.108.165;80;Anonymous;true;Hong Kong;570;75;Oct 14 13:53:12
202.137.113.196;8080;Anonymous;true;Philippines;3041;75;Oct 14 13:51:41
202.171.253.110;80;Anonymous;false;Macau;666;99;Oct 14 13:50:37
183.220.153.245;8123;Anonymous;false;China;30170;36;Oct 14 13:49:13
183.216.162.209;8123;Anonymous;false;China;1638;44;Oct 14 13:48:18
123.155.253.207;80;Anonymous;false;China;2788;50;Oct 14 13:46:50
120.203.234.41;8123;Anonymous;false;China;1523;75;Oct 14 13:44:15
183.223.21.128;8123;Anonymous;false;China;4767;20;Oct 14 13:43:34
183.223.175.84;8123;Anonymous;false;China;1503;37;Oct 14 13:42:44
183.223.157.23;8123;Anonymous;false;China;1634;40;Oct 14 13:42:42
118.69.205.220;4624;Anonymous;true;Viet Nam;7131;37;Oct 14 13:41:56
118.69.205.202;4624;Anonymous;true;Viet Nam;21471;50;Oct 14 13:41:49
117.175.228.42;8123;Anonymous;false;China;1707;69;Oct 14 13:41:12
117.175.213.239;8123;Anonymous;false;China;12929;55;Oct 14 13:41:08
117.175.213.170;8123;Anonymous;false;China;1631;75;Oct 14 13:40:55
117.175.212.66;8123;Anonymous;false;China;1694;29;Oct 14 13:40:54
183.221.187.25;8123;Anonymous;false;China;4501;50;Oct 14 13:40:49
183.221.160.106;8123;Anonymous;false;China;12306;61;Oct 14 13:40:44
183.220.47.51;8123;Anonymous;false;China;23926;45;Oct 14 13:39:46
183.220.157.242;8123;Anonymous;false;China;2168;57;Oct 14 13:39:07
117.174.229.224;8123;Anonymous;false;China;1748;37;Oct 14 13:39:05
111.10.13.110;8123;Anonymous;false;China;2564;50;Oct 14 13:38:33
125.122.141.93;18186;Anonymous;false;China;2834;50;Oct 14 13:37:44
117.172.195.90;8123;Anonymous;true;China;24666;49;Oct 14 13:37:32
107.182.16.221;7808;Anonymous;true;United States;467;98;Oct 14 13:37:13
117.171.18.141;8123;Anonymous;false;China;1775;76;Oct 14 13:37:07
117.166.18.195;8123;Anonymous;false;China;1807;69;Oct 14 13:36:51
117.164.0.232;8123;Anonymous;true;China;10571;30;Oct 14 13:36:33
117.139.33.96;8123;Anonymous;false;China;1888;50;Oct 14 13:35:37
115.29.249.17;80;Anonymous;false;China;28227;87;Oct 14 13:33:57
112.96.28.47;80;Anonymous;false;China;1627;97;Oct 14 13:33:38
115.29.170.168;88;Anonymous;true;China;10116;94;Oct 14 13:33:06
111.13.87.173;8081;Anonymous;false;China;1860;99;Oct 14 13:32:16
111.13.109.54;80;Anonymous;false;China;2429;98;Oct 14 13:31:48
111.13.109.53;80;Anonymous;false;China;1498;97;Oct 14 13:31:45
111.13.109.52;80;Anonymous;false;China;1749;98;Oct 14 13:31:44
58.251.132.181;8888;Anonymous;true;China;8272;83;Oct 14 13:28:20
54.81.19.158;80;Anonymous;false;United States;9881;44;Oct 14 13:27:31
54.254.198.182;443;Anonymous;false;United States;6766;47;Oct 14 13:27:07
23.95.42.139;8089;Anonymous;true;United States;6420;57;Oct 14 13:23:39
223.82.89.57;8123;Anonymous;false;China;2555;70;Oct 14 13:22:32
223.82.243.146;8123;Anonymous;false;China;33883;63;Oct 14 13:22:29
62.153.96.164;80;Anonymous;false;Germany;3833;43;Oct 14 13:22:12
221.10.102.199;83;Anonymous;false;China;8972;85;Oct 14 13:18:40
218.75.155.242;8888;Anonymous;false;China;1222;99;Oct 14 13:17:14
211.103.250.145;80;Anonymous;true;China;6305;82;Oct 14 13:16:03
211.167.105.70;80;Anonymous;false;China;4155;96;Oct 14 13:10:41
211.167.105.68;80;Anonymous;false;China;1730;93;Oct 14 13:10:35
211.167.105.104;82;Anonymous;false;China;2008;95;Oct 14 13:10:29
183.228.211.165;8123;Anonymous;true;China;4995;75;Oct 14 12:55:11
183.228.182.205;8123;Anonymous;false;China;1721;50;Oct 14 12:54:51
183.223.78.214;8123;Anonymous;true;China;12584;50;Oct 14 12:54:49
183.223.35.168;8123;Anonymous;false;China;16494;64;Oct 14 12:54:36
183.223.29.89;8123;Anonymous;true;China;2604;51;Oct 14 12:54:20
183.223.29.64;8123;Anonymous;false;China;1872;50;Oct 14 12:54:17
183.223.29.50;8123;Anonymous;true;China;4026;56;Oct 14 12:54:15
183.223.159.87;8123;Anonymous;false;China;2607;50;Oct 14 12:53:37
183.222.250.105;8123;Anonymous;true;China;15320;51;Oct 14 12:53:33
183.222.183.86;8123;Anonymous;true;China;13297;62;Oct 14 12:53:18
183.221.50.29;8123;Anonymous;true;China;25635;21;Oct 14 12:52:34
183.220.234.39;8123;Anonymous;true;China;29368;42;Oct 14 12:52:09
183.220.198.112;8123;Anonymous;true;China;1638;50;Oct 14 12:51:38
179.184.122.58;80;Anonymous;false;Brazil;761;43;Oct 14 12:45:02
109.230.252.71;8118;Anonymous;false;Germany;390;93;Oct 14 12:44:53
141.85.204.50;1920;Anonymous;false;Romania;2969;14;Oct 14 12:40:41
118.26.230.75;8000;Anonymous;false;China;41097;46;Oct 14 12:39:32
118.192.71.99;8088;Anonymous;false;China;6325;97;Oct 14 12:37:56
117.79.148.73;80;Anonymous;false;China;6841;96;Oct 14 12:36:29
117.21.192.9;80;Anonymous;false;China;1092;97;Oct 14 12:36:21
117.21.192.8;80;Anonymous;false;China;2040;97;Oct 14 12:36:20
114.255.183.173;8080;Anonymous;false;China;1494;72;Oct 14 12:36:11
114.255.183.163;8080;Anonymous;false;China;1430;76;Oct 14 12:36:10
58.242.249.31;24184;Anonymous;false;China;3127;96;Oct 14 12:22:06
223.86.113.220;8123;Anonymous;true;China;2655;57;Oct 14 12:19:32
223.4.117.121;18080;Anonymous;false;China;1610;68;Oct 14 12:19:29
218.108.242.124;8080;Anonymous;true;China;13424;83;Oct 14 12:18:30
198.204.236.77;80;Anonymous;false;United States;286;84;Oct 14 12:07:39
199.200.120.37;7808;Anonymous;true;United States;723;90;Oct 14 12:04:15
199.200.120.36;7808;Anonymous;true;United States;602;91;Oct 14 12:04:14
195.154.10.84;3128;Anonymous;false;France;3026;62;Oct 14 12:00:55
183.63.149.103;80;Anonymous;true;China;9059;91;Oct 14 11:58:48
178.88.184.107;80;Anonymous;false;Kazakhstan;11845;84;Oct 14 11:50:48
93.125.111.147;80;Anonymous;false;Belarus;13554;59;Oct 14 11:28:23
93.115.8.229;7808;Anonymous;true;Romania;473;97;Oct 14 11:28:10
82.165.138.72;8118;Anonymous;false;Germany;309;93;Oct 14 11:27:37
183.141.71.152;80;Anonymous;false;China;2439;37;Oct 12 21:37:28
198.12.76.168;3128;Anonymous;false;United States;5274;19;Oct 5 18:35:15
223.86.221.12;8123;Anonymous;true;China;1182;40;Sep 29 18:53:47
183.221.189.243;8123;Anonymous;false;China;9965;50;Sep 13 21:49:22
